{
    "Maryland": {
        "Latitude": 39.045754,
        "Longitude": -76.6412712,
        "Altitude": 118.38
    }
}