Measure,Value
Mean Squared Error,0.004565329764338247
Mean Absolute Error,0.04427457735683723
